,AcceptConnectPort,AccessCheck,AccessCheckAndAuditAlarm,AccessCheckByType,AccessCheckByTypeAndAuditAlarm,AddAtom,AdjustGroupsToken,AdjustPrivilegesToken,AlertThread,AllocateLocallyUniqueId,AllocateReserveObject,AllocateUuids,AllocateVirtualMemory,AlpcAcceptConnectPort,AlpcCancelMessage,AlpcConnectPort,AlpcCreatePort,AlpcCreatePortSection,AlpcCreateResourceReserve,AlpcCreateSectionView,AlpcCreateSecurityContext,AlpcDeletePortSection,AlpcDeleteSectionView,AlpcDeleteSecurityContext,AlpcDisconnectPort,AlpcImpersonateClientOfPort,AlpcOpenSenderProcess,AlpcOpenSenderThread,AlpcQueryInformation,AlpcQueryInformationMessage,AlpcSendWaitReceivePort,AlpcSetInformation,ApphelpCacheControl,AreMappedFilesTheSame,AssignProcessToJobObject,CallbackReturn,CancelIoFile,CancelIoFileEx,CancelTimer,ClearEvent,Close,CloseObjectAuditAlarm,CommitTransaction,CompareTokens,CompleteConnectPort,ConnectPort,Continue,CreateDirectoryObject,CreateEnlistment,CreateEvent,CreateFile,CreateIoCompletion,CreateJobObject,CreateKey,CreateKeyTransacted,CreateKeyedEvent,CreateMutant,CreateNamedPipeFile,CreatePort,CreatePrivateNamespace,CreateResourceManager,CreateSection,CreateSemaphore,CreateSymbolicLinkObject,CreateThreadEx,CreateTimer,CreateToken,CreateTransaction,CreateTransactionManager,CreateUserProcess,CreateWaitablePort,CreateWorkerFactory,DelayExecution,DeleteAtom,DeleteKey,DeleteValueKey,DeviceIoControlFile,DuplicateObject,DuplicateToken,EnumerateKey,EnumerateValueKey,FilterToken,FindAtom,FlushBuffersFile,FlushInstructionCache,FlushKey,FlushVirtualMemory,FreeVirtualMemory,FsControlFile,GetMUIRegistryInfo,GetPlugPlayEvent,GetWriteWatch,ImpersonateAnonymousToken,ImpersonateThread,InitializeNlsFiles,IsProcessInJob,"IsUILanguageComitted
",LoadKey,LoadKeyEx,LockFile,MapCMFModule,MapViewOfSection,NotifyChangeDirectoryFile,NotifyChangeKey,NotifyChangeMultipleKeys,NotifyChangeSession,OpenDirectoryObject,OpenEvent,OpenFile,OpenKey,OpenKeyEx,OpenKeyTransactedEx,OpenMutant,OpenObjectAuditAlarm,OpenProcess,OpenProcessToken,OpenProcessTokenEx,OpenSection,OpenSemaphore,OpenSymbolicLinkObject,OpenThread,OpenThreadToken,OpenThreadTokenEx,PlugPlayControl,PowerInformation,PrivilegeCheck,PrivilegedServiceAuditAlarm,ProtectVirtualMemory,QueryAttributesFile,QueryDebugFilterState,QueryDefaultLocale,QueryDirectoryFile,QueryDirectoryObject,QueryEvent,QueryFullAttributesFile,QueryInformationAtom,QueryInformationFile,QueryInformationProcess,QueryInformationThread,QueryInformationToken,QueryInstallUILanguage,QueryKey,QueryLicenseValue,QueryMultipleValueKey,QueryObject,QueryPerformanceCounter,QuerySection,QuerySecurityAttributesToken,QuerySecurityObject,QuerySymbolicLinkObject,QuerySystemInformation,QuerySystemInformationEx,QueryTimerResolution,QueryValueKey,QueryVirtualMemory,QueryVolumeInformationFile,QueueApcThread,QueueApcThreadEx,RaiseException,ReadFile,ReadFileScatter,ReadVirtualMemory,RecoverResourceManager,RecoverTransactionManager,ReleaseKeyedEvent,ReleaseMutant,ReleaseSemaphore,ReleaseWorkerFactoryWorker,RemoveIoCompletion,RemoveIoCompletionEx,ReplyPort,ReplyWaitReceivePort,ReplyWaitReceivePortEx,RequestPort,RequestWaitReplyPort,ResetEvent,ResetWriteWatch,ResumeThread,RollbackTransaction,SecureConnectPort,SetEvent,SetInformationFile,SetInformationJobObject,SetInformationKey,SetInformationObject,SetInformationProcess,SetInformationThread,SetInformationToken,SetInformationWorkerFactory,SetIoCompletion,SetSecurityObject,SetSystemInformation,SetThreadExecutionState,SetTimer,SetTimerEx,SetTimerResolution,SetValueKey,ShutdownWorkerFactory,SignalAndWaitForSingleObject,TerminateJobObject,TerminateProcess,TerminateThread,"TestAlert
",TraceControl,TraceEvent,UnloadKey,UnloadKey2,UnlockFile,UnmapViewOfSection,"UserDrawCaptionTemp,TEXT
","UserResolveDesktopForWOW,TEXT2
","UserfnINDEVICECHANGE,DEVICECHANGE
",WaitForKeyedEvent,WaitForMultipleObjects,WaitForMultipleObjects32,WaitForSingleObject,WaitForWorkViaWorkerFactory,WorkerFactoryWorkerReady,WriteFile,WriteFileGather,WriteVirtualMemory,"YieldExecution
"
carberp1.txt,,112,21,5,24,7,,34,310,,,,609,26,,20,1,2,,2,93,2,4,88,6,278,2,,2,283,1202,3,16,,,4820,,,4,157,5370,25,,2,,6,56,,,1173,150,7,,20,,7,34,1,,,,814,108,,66,22,,,,6,,7,103,,1,,1441,134,22,88,250,,211,12,2,,,111,253,4,,,3,12,6,,8,,,,3,339,,26,26,,20,20,263,211,2178,,4,,30,153,555,283,,10,51,785,794,,342,2,2,568,718,,56,54,,2,169,,471,949,209,997,4,2422,60,14,949,360,395,,92,10,606,11,,1572,249,63,,,,270,,6,,,311,289,22,1138,1,2,6,8,8,32,53,,,68,,6,643,473,,322,49,253,680,,708,1,9,,,542,372,,33,,,,8,40,83,173,15,,,,115,7,57,,311,1602,141,3770,1627,37,73,,60,81
carberp2.txt,,431,112,15,307,7,1,13,224,4,,,1072,44,,44,3,7,1,14,120,7,5,110,5,2326,4,1,1,1804,6059,13,8,,1,189,,,9,315,14770,413,,4,,4,91,,,1580,344,4,1,29,,4,61,,,4,,2555,48,,85,12,2,,,4,,4,31,,3,,1546,152,27,1533,114,1,10,14,,,7,393,641,8,,,4,4,4,,,,,,6,358,,15,15,,104,39,330,1154,3510,,10,,45,245,509,180,8,111,105,2756,2765,8,349,4,,418,262,31,8,791,1,1,32,,2628,1956,566,2881,,3990,11,12,70,184,165,,484,110,6518,4,,4154,1726,93,2,2,,672,,6,,,228,352,158,1416,2,4,,2,2,41,57,1,,84,,4,3078,3260,2,48,6,241,2797,15,3769,2,6,8,,699,362,2,46,,,1,8,97,84,145,28,,,,164,8,15,,229,1898,,9038,3480,41,134,,23,9
carberp3.txt,1,1192,186,61,432,7,5,170,286,22,,,2490,78,1,99,4,17,1,28,387,14,10,389,10,3794,10,2,3,3611,12507,8,14,,2,541,4,,8,1503,21662,575,,7,,9,152,,,5809,788,8,1,670,,7,96,2,1,4,,791,109,,149,21,11,1,,8,,7,234,,,23,5130,321,260,2060,679,5,12,16,,,6,803,598,16,1,,6,28,8,,,,,,18,680,5,31,31,,144,67,1023,1401,6183,,11,,192,641,993,317,4,145,139,7680,7757,138,183,9,3,987,555,192,25,636,1,3,361,,542,2385,850,5880,1,6798,14,12,3070,354,340,126,822,140,5814,11,,7404,1923,154,1,2,1,923,1,214,,,294,613,171,1705,20,2,,22,22,60,142,,,154,1,9,5563,700,2,1466,63,489,6098,52,7706,3,19,269,,834,363,,601,,,1,12,167,161,431,48,,,,306,44,19,,294,3893,1134,10523,6451,46,250,,58,31
carberp4.txt,,53,1,,4,,1,11,216,2,,,396,6,1,6,,1,,2,121,3,1,102,1,101,,,,167,817,3,,,,47,,,5,155,10140,5,,,,,52,,,1031,121,,,105,,,123,,,,,2579,12,,46,,1,,,,,,24,,,,1517,65,7,558,,,,10,,,,519,523,,,,,,,,,,,,,5,,,,,,5,17,9,3320,,4,,1,9,467,4,,,80,580,581,,326,,,46,23,,,850,,,,,2583,1336,203,565,,4997,12,,2,3,,,,,5068,,,727,1,31,2,2,,727,,,,,223,246,13,1403,2,,,1,1,27,19,1,,45,,,604,3619,,,1,131,484,4,444,2,1,11,,690,361,2,131,,,,2,82,45,38,5,,,,79,,,,221,1430,,1414,1724,27,41,,,2
citadel.txt,,1392,25,2,11,,,4,217,2,,,258,12,,16,,1,,11,84,1,,117,1,227,1,,,339,1345,,1,,,123,,,7,140,2747,23,,2,,,52,,,1046,91,,,,,,4,,,,,4,14,,46,,1,,,,,,39,,,,1623,72,4,,,,,1,,,,580,11,,,,,,,,,,,,,4,,15,15,,,16,29,51,388,,4,,2,9,9,4,,,46,457,457,,319,,,46,14,,,17,,,,,,407,295,160,,234,10,2,2,,,,,,2447,,,467,1,3,,1,,1,,,,,220,286,15,1140,2,,,1,1,23,24,,,46,,,576,3,,,2,132,479,4,743,2,1,290,,563,362,,,1,,,,163,46,36,6,,,,80,,,,220,1386,,1421,1594,23,4,,,2
citadel1.txt,,506,51,48,119,4,4,163,310,8,,,1775,41,1,52,3,16,1,20,88,12,7,87,9,1208,5,,2,1092,4128,5,13,,1,93,4,,10,1304,10464,128,,5,,5,100,,,1754,352,7,,142,,5,40,2,,,,799,143,,112,17,4,,,5,,6,257,,,6,1202,241,232,1174,534,,,10,,,,641,355,4,1,,2,19,5,,6,,,,7,505,5,29,29,,17,36,876,710,3097,,2,,58,498,647,293,,14,100,3733,3749,134,174,2,2,807,734,126,38,588,,2,256,,502,1070,505,2894,4,3150,43,14,1030,248,388,126,832,10,4260,13,,3168,749,112,1,1,,549,1,17,,,317,486,39,1477,20,,,2,2,45,76,,,111,,5,2674,560,,488,59,423,2530,18,2490,3,14,285,,707,371,,73,,,1,14,194,124,289,32,,,,254,10,2,,317,1923,127,5282,2935,35,151,,66,11
citadel10.txt,,388,108,3,274,3,,5,220,4,,,555,28,,27,,4,1,5,82,5,3,86,3,2083,3,,1,1736,6585,2,2,,,2235,,,11,147,13230,377,,2,,1,56,,,1155,295,1,,14,,1,44,,,4,,72,29,,52,3,2,,,1,,1,15,,,,1719,89,12,15,39,,,9,,,,236,5641,2,,,1,,1,,,,,,3,105,,19,19,,100,11,5743,325,795,,10,,16,29,44,56,,123,50,1879,1880,4,25,1,,166,128,,2,739,,1,4,,240,1311,165,1854,,641,11,4,12,86,57,,18,122,2433,1,,1959,85,91,,,,116,,1,,,224,316,14,1151,2,,,1122,1122,24,2247,,,52,,1,1082,124,,2,58,150,2351,9,3548,2,6,286,,574,213,,47,,,,3,48,52,72,5,,,,34,3,1,,224,1915,,3347,3029,24,51,,6,3
citadel11.txt,,1327,29,2,3,,1,,204,,,,92,9,,13,,1,,11,64,1,1,65,1,175,,,,235,881,,,,,2489,,,4,138,1973,15,,,,,38,,,946,90,,,15,,,4,,,,,6,12,,34,,,,,,,,8,,15,,1435,53,6,,12,,,7,,,,48,10,,,,,,,,,,,,,6,,14,14,,,15,24,71,492,,4,,2,7,66,4,,,33,350,350,,20,,,34,14,,1,3,,,,,7,106,110,160,,440,8,2,5,15,,,,,106,,,485,38,3,,,,63,,,,,206,278,13,1100,3,,3,3,3,19,17,,,33,,,316,3,,2,52,118,392,,575,3,,,,549,211,,47,,,,2,36,33,36,2,,,,8,,18,,206,1119,,875,1422,19,32,,,4
citadel12.txt,,56,1,,3,,,1,201,,,,66,7,,7,,,,,72,1,,74,,92,,,,140,536,,,,,253,,,4,136,1780,3,,,,,32,,,1020,91,,,,,,4,,,,,4,12,,28,,,,,,,,5,,,,1520,51,5,,,,,,,,,37,9,,,,,,,,,,,,,4,,15,15,,,4,4,3,377,,4,,,6,6,4,,,28,342,342,,15,,,28,14,,,3,,,,,,97,100,90,,226,10,2,1,,,,,,99,,,262,,,,,,4,,,,,201,241,14,1091,,,,,,14,14,,,28,,,308,6,,,1,112,313,,320,,,,,543,200,,,,,,,35,28,36,5,,,,4,,,,201,1162,,1003,1303,14,3,,,
citadel13.txt,,54,2,3,27,2,,3,206,,,,269,17,,19,2,,,,75,,2,72,2,231,2,1,,246,977,4,4,,1,261,,,4,136,2897,27,,,,2,48,,,1111,103,2,1,1,,2,15,,,,,169,28,,45,6,,,,2,,2,9,,,,1426,89,17,21,61,1,,,,,,59,43,4,,,2,2,2,,,,,,2,118,,14,14,,4,20,61,125,827,,10,,13,60,211,75,4,2,41,534,541,,22,4,,181,101,,4,5,,1,,,82,365,148,519,,874,8,,15,74,66,,1,2,304,2,,686,764,12,,,,2,,2,,,207,265,30,1105,1,4,,,,24,26,,,45,,2,480,72,2,10,2,167,501,4,565,1,1,,,553,200,,,,,1,4,40,45,69,20,,,,45,48,7,,207,1350,,1164,1471,24,79,,11,2
citadel2.txt,,748,92,47,169,,4,173,330,16,,,2356,57,1,92,2,14,2,17,248,10,6,227,10,1850,5,,4,2501,9273,6,2,,1,2818,4,,20,1502,16359,207,,61,,1,136,,,2927,762,9,,941,,2,53,3,,,,399,137,1,136,22,5,,,1,,7,322,,1,38,2700,297,264,1760,738,,,9,1,,,1069,432,2,4,,1,9,1,,,,,,4,462,6,63,63,,32,53,909,786,6511,,5,16,218,625,1050,136,,35,135,5918,5989,149,180,11,1,656,386,95,14,671,,1,142,,435,1556,600,4173,1,7640,30,6,1816,195,165,128,834,30,4208,13,,5384,1276,198,3,3,1,851,1,150,,,341,657,83,1959,25,2,9,13,13,60,83,,,133,,1,3631,441,,834,291,463,4040,22,5580,5,26,230,,939,378,,668,,,1,12,208,136,304,68,,,,327,13,13,2,341,2859,1157,7540,5738,48,232,,25,26
citadel3.txt,,567,89,5,141,4,4,140,389,4,,,2827,44,1,52,2,10,3,12,169,5,8,169,12,1490,5,,5,1704,6043,5,11,,,2525,6,,27,1068,13812,179,,40,,4,112,,,2471,1895,11,,203,,5,53,1,,,,658,125,1,124,31,2,,,4,,10,379,,1,15,2272,281,236,1422,606,,,25,1,,,1016,1725,2,7,,1,16,4,,6,,,,3,508,5,31,31,,19,59,996,821,3647,,6,16,113,516,905,290,,19,140,3605,3634,32,180,2,1,794,709,95,40,757,,1,256,,583,917,551,3373,3,3529,61,14,1192,250,383,64,72,15,6152,15,,3741,1053,218,2,2,,934,1,22,,,402,933,153,1767,18,2,7,10,10,47,89,,,121,,4,2487,569,,464,212,453,3179,8,3786,3,25,317,,821,398,,147,,,1,16,205,137,280,47,,,,281,16,14,2,402,2671,158,6410,4017,40,192,,61,16
citadel4.txt,,55,1,,4,,,3,211,,,,208,7,1,7,,1,,2,132,,1,113,1,101,,,,162,785,8,,,,2225,,,6,146,8774,4,,,,,45,,,1138,141,,,5,,,14,,,,,2589,12,,42,,,,,,,,20,,,,1627,69,4,,,,,7,,,,316,438,,,,,,,,,,,,,4,,14,14,,,4,57,12,390,,4,,,7,7,4,,2,63,510,510,,19,,,50,17,,,833,,,,,2613,629,157,102,,235,8,,39,3,,,,,618,,,276,,37,,,,67,,,,,217,252,14,1270,3,,,,,25,16,,,41,,,458,2954,,,39,124,487,,432,4,,8,,626,220,,7,,,,2,54,42,37,2,,,,53,,1,,217,1210,,972,1584,25,62,,,2
citadel5.txt,,170,28,11,28,6,,18,327,,,,783,48,1,46,3,,1,,180,2,4,167,5,375,6,,1,625,2663,12,17,,,2302,,,9,171,7980,33,,4,,6,62,,,3123,244,7,,197,,6,31,4,,,,730,136,,73,23,,,,6,,7,15,,4,15,2545,152,25,85,49,,,68,2,,,300,335,4,,,3,12,6,,8,,,,5,379,,34,34,,49,32,309,147,1844,,4,,122,160,209,310,,40,58,1352,1380,,17,3,2,639,813,,56,141,,3,211,,374,959,229,823,4,1649,64,12,2322,246,450,2,40,39,3719,11,,2198,145,54,1,1,1,96,,133,,,334,297,19,1312,1,,,,,30,52,,,75,,6,770,426,,850,1892,259,1042,,1492,1,9,66,,612,218,,204,1,,,8,46,95,192,6,,,,133,4,5,,334,1257,566,3257,2456,39,1543,,69,1
citadel6.txt,,48,,,,,,2,203,,,,55,3,,3,,,,,64,,,65,2,68,,,2,119,451,,,,,2216,,,2,130,1575,,,,,,27,,,909,76,,,,,,4,,,,,4,12,,24,,,,,,,,6,,,,1419,46,4,,,,,,,,,32,2,,,,,,,,,,,,,4,,13,13,,,4,12,,322,,4,,,6,6,4,,,24,286,286,,17,,,24,12,,,,,,,,,94,85,66,,192,8,,2,,,,,,98,,,225,,,,,,,,,,,203,240,12,1092,1,,,,,12,12,,,24,,,293,1,,,2,106,266,,268,1,,,,542,208,,,,,,,32,24,36,,,,,4,,,,203,1045,,835,1271,12,,,,16
citadel7.txt,,78,2,2,3,16,,7,239,,,,256,8,,8,,,,,117,,3,114,3,123,,,,249,1094,6,,,,6382,,4,7,175,11566,3,,12,,,50,,,1239,186,,,181,,,139,,,,,676,12,,50,,,,,,,,135,4,,4,1567,110,12,1009,375,,156,1,24,,,226,57,,,,,,,,,,,,,55,8,18,18,,,4,508,97,9158,,4,,171,479,3619,4,,2,48,4311,4320,12,19,,,58,153,,1,313,,,,,1066,1135,307,5372,,13994,12,4,203,214,,,900,,1978,,,5878,1889,173,,,,336,,,,,241,438,121,1249,2,6,5,5,5,31,21,,,47,,,1099,637,,,42,173,510,,605,3,,1,,610,200,,199,,,1,6,73,47,36,79,,,,111,94,112,,241,2460,,1229,1684,31,19,,,113
citadel8.txt,,289,3,20,81,,1,40,216,,,,1194,25,,23,3,8,,16,86,15,6,86,3,3459,,,,2176,6870,6,6,,2,2370,4,,4,5883,8170,83,,15,,3,87,1,,1091,196,3,1,73,,3,24,,,1,,254,33,,83,9,,,,3,,3,321,,2,16,1064,128,46,1330,31,1,10,13,,,5,522,228,6,,,3,11,3,,,,,14,5,212,4,8,8,,6,23,195,405,2507,,2,,33,150,263,87,,3,76,10093,10096,,194,,,357,182,95,6,69,,,48,,226,1280,314,4148,2,2804,4,4,38,97,104,140,628,3,1023,3,,2373,1715,57,2,2,,496,,9,,,218,336,23,1377,2,,,,,49,37,1,,83,,3,7254,287,2,85,1,252,6739,2,4350,2,4,1,,692,358,2,73,,,1,6,105,85,156,16,,,14,112,9,14,,218,3245,,21676,3678,30,243,,17,7
citadel9.txt,,1358,24,,8,,,,207,2,,,99,17,,22,,1,,11,87,1,2,93,3,214,,,1,267,1003,,,,,2193,,,5,131,2287,19,,,,,42,,,1197,93,,,1,,,4,,,,,5,12,,40,,1,,,,,,9,,,,1701,63,5,,,,,7,,,,56,2,,,,,,,,,,,,,5,,14,14,,,17,13,49,489,,4,,2,6,6,5,,,38,459,459,,24,,,42,13,,,,,,,,,102,121,133,,284,8,,1,1,1,,,,297,,,633,,,,,,,,,,,208,244,13,1119,,,,1,1,23,16,,,38,,,312,1,,,25,122,484,4,595,,1,,,555,203,,1,,,,4,37,38,37,,,,,10,,3,,208,1071,,876,1495,23,12,,,3
crypto.txt,,90,1,,16,,,3,203,,,,93,8,,8,,2,,2,128,,,141,4,205,,,4,237,920,3,,,,1263,,,6,146,3388,16,,,,,39,,,1039,112,,,100,,,4,,,,,4,12,,35,,,,,,,,36,,,,1546,60,4,447,,,39,1,,,,93,55,,,,,,,,,,,,,4,,17,17,,,4,52,63,3413,,4,,,7,462,4,,2,35,695,695,,335,,,43,14,,,1,,,,,23,576,138,638,,5073,12,4,40,,,,,,538,,,824,37,14,,1,,66,,,,,204,273,16,1144,1,,,,,22,13,,,35,,,530,4,,,40,117,532,,549,2,,,,571,362,,102,,,,,54,35,36,9,,,,26,3,3,,204,1571,,1766,1498,22,19,,,13
crypto10.txt,1,875,131,66,361,5,,86,280,14,,,1606,55,,67,3,23,1,50,129,20,8,106,4,5772,6,1,,3894,12419,8,14,,2,2437,,,6,6300,14055,467,,20,,9,93,1,,2024,409,6,,134,,6,85,,1,5,,696,107,,82,18,7,1,,8,,6,108,,1,10,1713,220,153,552,146,,10,5,,,,456,266,16,1,,6,29,8,,,,,,23,513,4,29,29,,115,50,365,1113,3573,,11,,74,353,527,273,,110,77,13094,13115,138,258,4,2,787,451,223,17,93,,3,278,,386,1796,330,6945,3,3867,13,12,60,311,300,204,974,108,4165,10,,4509,604,87,,,,523,,31,,,284,486,16,1414,2,,,19,19,32,106,,,90,1,9,7484,619,,285,2,323,9649,32,7960,2,15,,,697,350,,62,,,,6,85,90,231,22,,,,168,45,13,,284,1854,,16735,5650,32,138,,53,10
crypto11.txt,,1355,29,2,7,,1,,208,,,,106,7,,11,,1,,11,69,,1,71,1,207,,,,263,952,,,,,2219,,,5,143,1884,19,,,,,40,,,935,76,,,14,,,4,,,,,4,12,,37,,,,,,,,7,,14,,1409,55,8,1,,,,6,,,,57,2,,,,,,,,,,,,,4,,14,14,,,15,12,65,344,,4,,1,9,9,4,,,36,392,392,,15,,,37,12,,,,,,,,,104,122,126,,205,8,2,4,,,,,,298,,,448,1,,,,,1,,,,,209,275,16,1108,1,,,,,22,14,,,36,,,325,1,,,43,121,441,,582,1,,,,553,217,,43,,,,2,42,36,36,2,,,,6,,,,209,1111,,899,1456,22,25,,,1
crypto13.txt,,1479,25,,2,,,,203,,,,77,4,,8,,1,,12,64,1,,64,,162,,,,225,792,,,,,2294,,,5,136,1707,13,,,,,36,,,927,82,,,,,,4,,,,,4,12,,32,,,,,,,,9,,,,1434,50,7,,,,,7,,,,34,5,,,,,,,,,,,,,4,,13,13,,,16,4,44,333,,4,,,7,7,4,,,32,338,338,,16,,,32,14,,,,,,,,,99,101,84,,200,12,,2,,,,,,98,,,428,,,,,,28,,,,,205,244,12,1118,3,,,,,20,12,,,32,,,316,1,,,26,116,368,,547,3,,,,554,218,,1,,,,,31,32,36,4,,,,6,,,,205,1071,,903,1411,20,18,,,1
crypto14.txt,,57,,,3,,,5,202,,,,75,4,,4,,,,,72,2,,72,,93,,,,139,536,,,,,2216,,,6,141,2856,3,,,,,35,,,1009,94,,,,,,4,,,,,440,12,,31,,,,,,,,3,,,,1531,50,7,,,,,,,,,45,194,,,,,,,,,,,,,4,,14,14,,,4,7,3,372,,4,,,8,9,4,,,47,347,347,,18,,,31,12,,,29,,,,,436,98,119,92,,221,8,,1,,,,,,102,,,258,,16,,,,,,,,,203,241,14,1098,1,,,,,15,16,,,31,,,335,637,,,1,113,332,,311,1,,5,,544,209,,,,,,,43,31,36,1,,,,4,,,,203,1057,,873,1300,15,1,,,
crypto15.txt,,62,1,5,17,,,7,207,,,,283,18,,16,2,,,,113,,3,104,3,178,,,,226,998,7,4,,1,52,,,4,145,4368,17,,,,2,51,,,1214,126,2,1,101,,2,9,,,,,160,18,,49,6,,,,2,,2,24,,,,1575,88,10,461,6,1,,1,,,,147,84,4,,,2,2,2,,,,,,,97,,11,11,,4,19,98,112,3595,,4,,5,55,526,58,4,4,44,685,690,,289,,,167,59,,4,2,,,,,97,927,202,761,,5281,12,4,55,47,53,,,2,655,2,,988,693,26,,,,6,,2,,,209,246,22,1200,2,2,,,,27,23,,,48,,2,655,73,2,10,42,164,522,4,537,3,,,,601,342,,100,,,1,6,78,48,56,15,,,,108,,5,,209,1450,,1385,1578,27,59,,9,3
crypto16.txt,,653,96,52,150,6,5,167,311,12,,,2066,63,1,92,3,11,3,17,138,11,6,115,4,1520,5,,1,1398,5073,7,8,,1,388,10,,7,1350,11663,210,,5,,3,126,,,2371,502,8,,221,,4,62,3,,,,448,129,1,134,16,6,,,3,,7,177,,1,15,1690,272,260,2061,559,4,10,9,1,,5,641,525,2,4,,2,15,3,,4,,,,7,540,5,25,25,,12,50,975,1052,4236,,4,16,88,625,896,273,,19,127,4459,4472,155,204,4,2,824,634,126,30,615,,1,176,,386,1266,498,3476,3,4443,37,12,856,254,360,128,830,14,4392,15,,4487,1727,115,2,2,,759,1,25,,,320,658,30,1339,20,,7,10,10,50,101,,,134,,3,2929,377,,430,61,472,3057,26,3228,3,27,229,,648,368,,109,,,1,6,128,147,387,45,,,,231,23,16,2,320,3599,100,8051,3200,39,244,,50,10
crypto17.txt,,262,1,22,31,,1,45,212,,,,651,19,,18,2,5,,11,107,5,3,107,3,3136,,,,1937,6008,4,4,,1,52,,,2,5883,10975,32,,15,,2,66,1,,1361,186,2,,135,,2,16,,,1,,1039,29,,61,6,,,,2,,2,155,,1,10,1463,118,52,1082,29,,,3,,,,308,394,4,,,2,5,2,,,,,14,5,120,,15,15,,4,19,126,311,4908,,4,,21,121,610,58,,2,73,9891,9897,,80,,,251,105,31,4,235,,,,,1035,1161,233,4186,2,6847,12,2,27,57,63,140,616,2,6461,2,,2050,358,48,2,2,,199,,4,,,214,329,14,1330,2,2,,,,29,33,1,,60,,2,6648,1304,,40,2,220,6458,,3831,2,,4,,675,217,2,135,,,,6,81,60,69,20,,,14,95,6,3,,214,1415,,20846,3354,29,144,,10,3
crypto18.txt,,89,8,1,21,2,,8,233,2,,,182,14,,13,,2,,2,85,2,1,84,1,231,,,1,231,899,2,3,,,25,,,4,141,3451,21,,1,,1,41,,,1844,101,1,,6,,1,9,,,,,186,34,,41,5,1,,,1,,1,8,,,,1445,67,8,10,1,,,42,,,,62,120,,,,1,2,1,,2,,,,,77,,20,20,,4,8,113,73,557,,4,,5,31,40,67,,3,37,547,549,,15,,,156,189,,14,114,,,32,,98,190,124,278,1,354,23,8,248,50,97,,6,2,2194,2,,518,66,13,,,,25,,1,,,236,279,14,1136,2,,,1,1,23,21,,,41,,1,378,109,,86,1704,154,525,4,546,2,3,45,,549,208,,12,,,,2,34,45,65,7,,,,42,2,1,,236,1120,47,1718,1504,25,1419,,12,
crypto19.txt,1,322,5,21,80,2,,42,245,,,,1347,31,,26,2,9,,18,114,16,9,111,6,3513,2,1,,2221,7084,4,8,,1,206,10,,5,5919,9608,82,,15,,6,81,1,,1531,327,3,,83,,3,30,,1,1,,256,37,,77,9,,1,,5,,3,126,,1,16,1490,155,53,1937,74,,8,8,,,5,559,279,10,,,3,17,5,,,,,14,13,261,4,13,13,,16,27,249,681,2956,,4,,43,167,292,132,,13,71,10266,10274,2,186,1,1,426,207,130,15,88,,1,178,,282,1404,321,4210,2,3179,8,10,36,128,140,140,632,13,2492,3,,2903,1630,88,,,,619,,16,,,247,402,15,1409,2,,,14,14,46,68,,,79,1,6,7068,269,,157,3,271,6907,,4475,2,4,,,702,349,,54,,,1,11,118,80,220,25,,,14,115,14,13,,247,3365,,25173,3797,27,165,,25,7
crypto2.txt,,267,5,26,96,,1,45,196,,,,1292,26,,25,3,9,,17,66,12,7,88,6,3519,,,2,2262,7162,6,6,,2,7543,4,,5,5915,10396,179,,15,,3,89,1,,932,372,3,1,77,,4,33,,,1,,277,37,,84,9,,,,3,,3,315,,3,10,720,311,43,2218,31,1,20,9,,,8,563,387,6,,,3,11,3,,,,,14,6,235,4,8,8,,10,21,408,660,4068,,,,130,305,475,92,,7,77,15355,15359,,193,,,373,255,95,6,156,,,48,,571,2003,525,4639,2,4434,2,4,121,102,116,140,840,7,1285,3,,5420,2100,193,2,3,,524,,9,,,198,278,353,1468,2,,,,,48,39,1,,83,,3,25106,291,2,94,3,252,6809,2,4527,2,,1,,706,360,2,89,,,1,8,118,84,149,20,,,14,163,11,13,,198,6404,,52387,3856,29,389,,17,11
crypto20.txt,,76,13,1,5,4,,15,288,2,,,587,19,,15,,,,,70,,4,70,4,132,1,,,173,782,,11,,,31,,,4,150,4956,6,,1,,4,46,,,1106,1490,4,,12,,4,18,,,,,487,84,,53,14,1,,,4,,4,6,,,,1434,108,16,32,3,,,21,,,,143,1530,2,,,1,8,4,,6,,,,,221,,21,21,,14,14,174,79,790,,4,,15,75,108,200,,7,43,456,460,,18,2,1,392,522,,36,60,,1,133,,267,398,160,313,3,533,47,12,654,148,274,,34,7,346,7,,827,103,36,,,,221,,4,,,292,251,12,1146,2,,,1,1,26,34,,,53,,4,395,270,,232,128,205,464,4,459,2,7,,,548,214,,29,,,,8,41,63,137,1,,,,93,2,2,,292,1100,117,2454,1480,30,97,,43,
crypto21.txt,1,78,8,7,13,,,1,221,2,,,328,22,,21,1,,,,87,1,1,86,2,180,1,1,1,264,1070,3,2,,,988,,,8,146,3177,17,,5,1,2,67,,,1132,113,1,,12,,1,19,,,,,96,14,,62,3,1,,,1,,1,46,,,,1638,91,13,50,247,,11,7,,,,99,21,2,,,1,,1,,,,,,,57,,17,17,,2,13,87,81,1781,,4,,24,56,500,28,,1,62,552,560,,15,,,118,55,,3,23,,,,,87,216,195,861,,2301,10,4,64,24,27,,60,1,2306,1,,809,80,18,,,,65,,1,,,224,267,24,1144,2,4,3,6,6,36,31,,,62,,2,451,41,,7,36,157,468,4,604,2,1,267,,559,204,,2,,,,1,43,62,55,28,,,,29,3,19,,224,1354,,1004,1549,36,23,,4,34
crypto22.txt,,129,3,2,46,,1,7,234,,,,232,5,,6,,2,,2,104,5,3,110,4,437,,,1,413,1508,2,,,,2333,,,5,187,7202,48,,,,,47,1,,1015,165,,,33,,,11,,,1,,1469,24,,43,,,,,,,,195,,2,19,1452,72,7,656,9,,10,3,,,,207,554,,,,,4,,,,,,14,,23,4,19,19,,,12,98,90,1735,,4,,11,16,89,10,,,69,1040,1041,,252,,,63,52,33,,454,,,48,,1545,1116,184,463,,1944,8,2,13,13,10,,476,,6516,,,1391,192,63,2,2,,108,,4,,,236,385,13,1380,2,,,,,21,21,1,,40,,,636,1760,,41,5,130,830,,927,2,4,8,,681,361,2,52,,,,6,56,41,44,10,,,14,39,3,6,,236,1478,,9436,1914,21,3685,,2,9
crypto23.txt,,85,8,,21,,,,206,,,,892,6,1,6,,3,,3,121,3,1,109,1,247,,,,264,1033,4,,,,2168,,,5,136,2698,25,,,,,36,,,956,88,,,,,,466,,,,,5,12,,34,,,,,,,,11,,,,1432,57,4,111,,,,8,,,,921,69,,,,,,,,,,,,,5,,14,14,,,8,18,61,523,,4,,,4,4,4,,,33,599,599,,19,,,34,23,,,,,,,,9,292,126,213,,360,8,2,2,3,,,,,796,,,328,37,,,,,57,,,,,210,273,16,1095,2,,,,,20,13,,,33,,,400,80,,,2,116,589,,672,2,,,,545,209,,122,,,,2,53,33,42,12,,,,36,,,,210,1119,,1338,1490,20,62,,,
crypto24.txt,,54,1,,6,,,2,205,2,,,112,8,,7,,,,,66,,1,66,1,104,1,1,,144,562,,2,,,2210,,,3,131,2008,15,,,,1,32,,,937,87,,,1,,,5,,,,,59,12,,28,,1,,,1,,,5,,,,1424,57,18,2,55,,,,,,,51,32,2,,,,3,1,,,,,,,32,,13,13,,2,6,26,47,502,,4,,2,17,30,22,,1,28,334,340,,27,1,,68,24,31,2,2,,,24,,30,160,112,149,,351,8,,1,16,19,,2,1,314,,,536,9,7,,,,12,,3,,,207,241,14,1109,1,4,,1,1,16,17,,,29,,1,320,35,,29,1,128,338,4,338,1,1,,,548,205,,,,,,2,42,29,48,22,,,,11,,6,,207,1059,,893,1332,16,6,,5,
crypto26.txt,,344,50,5,91,5,4,123,301,4,,,1927,26,1,22,2,2,1,2,84,3,4,104,7,851,4,,3,934,3464,3,11,,,1111,12,10,14,948,9328,104,,4,,4,90,,,1124,1681,8,,98,,5,21,2,,,,568,100,,99,20,2,,,4,,7,359,8,,1,864,217,177,1027,537,,76,2,,,,782,1768,2,1,,1,16,4,,6,,,,3,382,5,21,21,,14,27,851,570,1992,,1,,54,386,539,237,,14,92,2225,2230,3,177,1,1,637,595,95,36,703,,1,245,,438,813,481,1880,3,1818,39,10,998,225,327,62,38,11,4078,10,,2157,346,115,1,2,,927,1,12,,,313,361,38,1579,22,,1,3,3,42,67,,,99,,4,1889,473,,428,57,356,1609,8,2365,4,8,252,,750,370,,65,,,,8,203,114,219,38,,,,179,9,7,,314,1955,115,5056,2832,33,131,,50,31
crypto3.txt,,56,8,8,9,2,,11,236,,,,274,18,,16,1,,,,74,,1,70,2,133,2,,1,195,874,5,6,,,7284,,,4,149,3664,10,,1,,2,49,,,2007,100,3,,9,,2,10,,,,,256,34,,47,10,,,,2,,3,12,,1,,1420,81,11,10,1,,,60,,,,82,149,2,,,2,4,2,,2,,,,3,114,,18,18,,6,11,113,65,548,,4,,6,49,64,88,,3,42,435,437,,19,1,1,208,203,,16,88,,1,32,,133,300,152,224,1,372,21,6,252,69,119,,4,3,3744,4,,506,39,16,,,,22,,2,,,239,274,12,1113,2,,,,,23,29,,,48,,2,429,150,,91,1968,162,411,,486,2,3,70,,540,218,,13,1,,,2,44,52,74,2,,,,52,2,1,,239,3672,46,1245,1458,25,1588,,17,
crypto4.txt,,54,1,,5,,,2,207,,,,150,6,,5,,,,,66,,1,67,1,98,1,1,,141,552,,2,,,7346,,,2,136,1974,14,,,,1,36,,,940,93,,,1,,,5,,,,,59,12,,31,,,,,1,,,6,,,,1430,59,18,2,55,,,,,,,78,32,2,,,,3,1,,,,,,,32,,13,13,,2,5,28,47,466,,4,,1,16,29,22,,1,31,332,338,,16,1,,71,26,31,2,2,,,24,,30,161,103,136,,336,10,,,16,19,,2,1,319,,,540,9,9,,,,12,,3,,,208,241,14,1096,1,4,,,,19,16,,,32,,1,329,36,,29,,131,332,,323,1,,,,540,207,,,,,,2,30,32,48,25,,,,23,,2,,208,3625,,854,1316,19,6,,5,
crypto5.txt,9,948,420,56,274,100,13,166,152,16,,,4281,130,1,132,9,5,9,5,355,3,6,280,10,3331,35,1,7,3864,13568,29,37,,,6250,2,,18,980,34120,437,,58,9,22,221,,,4146,2951,35,,370,,15,454,3,,,,2019,148,,215,48,8,,,13,1,33,740,14,12,82,1758,517,282,2314,1658,4,59,4,2,,,1156,4372,18,4,,8,75,13,,4,,,85,22,1633,18,43,44,1,130,191,1929,3317,16848,,13,,632,1059,4375,657,2,116,293,7907,8376,1029,40,17,5,1820,1894,592,48,1901,704,7,721,6,2022,2721,807,10044,2,21016,67,22,1493,638,810,82,233,113,6369,35,1,15367,1211,704,13,13,,1320,1,76,,,172,2630,38,593,62,18,26,51,51,77,232,,,221,,22,10754,1481,,975,333,546,5654,38,8351,20,44,260,,297,173,,223,,,,13,171,229,594,559,,,85,703,357,262,,172,6580,75,24817,5474,79,366,1,158,31
crypto6.txt,,351,38,5,91,7,4,125,304,4,,,2058,28,1,24,2,5,1,8,87,6,6,91,10,846,4,,4,738,2908,3,11,,,1567,6,,17,934,9652,99,,,,4,82,,,1472,1677,6,,94,,5,22,2,,,,530,95,,94,14,2,,,4,,5,398,1,,,1096,204,185,1185,531,,93,7,,,,927,1712,2,,,1,16,4,,6,,,,3,399,5,19,19,,14,26,853,502,2078,,4,,44,383,516,241,,14,85,2160,2167,2,174,1,1,650,608,95,40,683,,1,245,,454,795,456,1809,3,1814,44,12,1162,231,328,62,38,11,6043,8,,2224,933,191,1,1,,848,1,12,,,311,395,23,1356,18,2,2,6,6,36,67,,,92,,4,2095,370,,424,223,365,1627,8,1781,3,8,336,,647,366,,54,,,1,12,201,107,233,39,,,,212,15,22,,312,1858,118,5107,2416,27,162,,50,40
crypto7.txt,,43,8,15,53,2,1,12,196,,,,1232,25,1,29,2,,,,73,5,5,66,6,377,1,1,1,426,1754,7,4,,1,167,,,8,209,13393,140,,4,,2,65,,,1030,389,2,1,4,,2,485,,,,,2760,18,,61,6,,,,2,,2,37,,,,1116,325,19,1366,71,1,10,12,,,,1051,725,4,,,2,2,2,,,,,,,180,,18,18,,5,20,380,708,2766,,2,,24,351,598,76,4,6,87,11636,11643,2,286,3,,205,158,,4,1067,1,,,,3338,2640,461,1631,,3144,4,6,110,67,73,,734,6,5584,2,,2127,2389,211,2,2,,4043,,2,,,200,187,416,1500,2,4,,,,29,34,1,,58,,2,23274,7000,2,26,3,180,787,4,983,2,,13,,688,364,2,146,,,1,10,83,58,80,31,,,,132,2,13,,201,3078,,15900,2103,29,219,,11,8
crypto8.txt,,267,40,11,41,6,,27,390,,,,879,91,,97,3,3,5,3,267,3,8,258,7,575,7,,1,679,2999,18,16,,,40,,,12,193,12969,49,,4,,6,62,,,4261,324,9,,473,,6,35,3,,,,1082,179,,79,23,,,,6,,9,28,,8,30,3635,171,34,319,131,,,67,2,,,207,493,4,,,3,12,6,,8,,,,9,401,2,87,87,,107,37,350,229,3456,,4,,314,241,290,333,,97,77,1943,2006,,33,4,2,690,916,,64,210,,4,248,,751,1213,261,1409,4,4085,63,14,4981,267,495,4,50,97,5793,15,,3383,589,64,2,2,3,85,,329,,,394,323,22,1333,2,,,,,30,52,,,78,,6,685,976,,1379,1992,288,1681,,1670,2,13,76,,628,226,,118,,,1,14,49,101,203,3,,,,159,4,3,,394,1271,370,3575,2588,42,1616,,78,4
crypto9.txt,,518,84,5,114,4,4,133,386,10,,,2741,35,1,35,2,5,2,8,197,3,5,175,8,1285,8,,4,1382,5125,6,11,,,2332,12,,15,1070,14231,138,,56,,4,104,,,2054,1868,9,,319,,4,36,2,,,,608,193,,112,28,2,,,4,,7,361,,1,6,2235,278,214,1861,758,,,2,,,,734,1713,2,4,,1,16,4,,6,,,,3,494,6,60,60,,14,57,998,1211,5185,,4,,116,448,733,260,,14,136,3236,3282,15,175,13,2,718,683,95,36,826,,1,245,,524,857,503,2628,3,5294,66,14,1064,221,353,62,52,11,6173,10,,4005,772,172,2,2,,905,2,16,,,399,475,30,1470,28,2,,3,3,48,72,,,112,,4,2220,528,,483,98,411,2595,8,3141,4,12,286,,677,350,,84,,,,10,185,128,305,41,,,,208,9,2,,399,2316,115,10986,3393,39,161,,61,4
kovter10.txt,,54,10,,4,4,,5,215,,,,198,7,,7,,,,,70,2,,90,,113,,,,202,790,,,,,1145,,2,8,144,3084,8,,2,,,43,,,1009,96,,,22,,1,40,,,,,12,12,,39,,,,,,,,54,1,,1,1493,67,4,58,125,,40,13,6,,,138,14,,,,,,,,,,,,,14,,14,14,,,8,130,22,1305,,4,,41,134,560,4,,,39,1534,1534,,17,,,39,47,,,2,,,,,109,244,205,1086,,1705,8,2,42,,,,234,,237,,,827,361,41,,1,,99,,,,,218,279,43,1211,1,,2,2,2,26,15,,,39,,,412,4,,1,38,129,332,,677,1,,,,595,205,,34,,,,,82,39,36,20,,,,39,24,26,,218,1318,,946,1515,26,24,,,41
kovter11.txt,,58,5,,,2,,9,207,,,,89,4,,4,,1,,1,64,1,,71,10,81,,,10,150,615,,,,,3107,,14,4,151,2048,1,,4,,,34,,,987,89,,,4,,,4,,,,,6,12,,30,,,,,,,,183,11,,1,1493,50,6,22,,,114,7,,,,114,11,,,,,,,,,,,,,6,,14,14,,,5,6,20,502,,6,,2,23,57,4,,,30,346,346,,19,,,30,14,,,3,,,,,20,110,140,139,,431,10,2,5,326,,,,,2173,,,270,9,2,,,,299,,,,,209,255,22,1120,2,,9,9,9,17,22,,,30,,,348,54,,,23,116,302,,362,2,,64,,556,210,,25,,,,,54,30,36,10,,,,33,,25,,209,1452,,856,1367,17,17,,,162
kovter2.txt,,63,3,5,14,,,9,208,,,,328,16,,14,2,,,,148,2,3,124,3,175,,,,212,1046,12,4,,1,48,,,5,155,9739,15,,,,2,57,,,1122,145,2,1,107,,2,11,,,,,2289,17,,55,6,,,,2,,2,36,,,,1417,89,9,465,6,1,,1,,,,155,537,4,,,2,2,2,,,,,,,96,,16,16,,4,20,124,108,3618,,4,,6,52,523,61,4,4,79,761,763,,16,,,177,78,,4,682,,,20,,2236,1144,207,754,,5314,12,4,99,48,54,,22,2,4801,2,,1010,715,55,,,,13,,2,,,210,249,32,1320,2,,,,,30,25,,,54,,2,553,2496,2,26,40,171,653,4,549,3,,9,,653,212,,133,,,1,6,57,55,55,3,,,,91,,6,,211,1382,4,1189,1720,31,118,,9,2
kovter3.txt,,79,13,3,10,4,,11,294,2,,,928,20,1,16,,1,,1,77,1,5,76,5,166,1,,1,210,990,2,11,,,37,,,6,155,5172,11,,1,,4,51,,,1930,153,4,,11,,4,479,,,,,373,84,,57,15,1,,,4,,4,12,,,,1436,118,15,143,3,,,66,,,,734,300,2,,,1,8,4,,6,,,,,223,,21,21,,14,14,275,68,999,,4,,14,70,103,200,,7,44,503,507,,18,1,1,396,537,,36,204,,1,133,,229,594,174,343,3,706,49,14,653,147,274,,34,7,4062,7,,882,103,42,,,,113,,4,,,300,257,12,1181,3,,,1,1,25,38,,,56,,4,590,260,,232,1647,209,553,4,563,3,7,53,,565,221,,146,,,,10,47,66,143,9,,,,135,2,2,,300,1197,119,2566,1589,29,1308,,43,16
kovter4.txt,,59,9,,8,,,3,206,2,,,205,14,,13,,,,,74,,1,75,2,142,2,1,,203,796,,3,,,27,,,4,136,2147,22,,,,1,43,,,1036,93,,,1,,,5,,,,,59,12,,39,,1,,,1,,,3,,,,1526,70,16,2,55,,,,,,,82,25,2,,,,3,1,,,,,,,32,,17,17,,2,10,26,50,548,,4,,2,16,29,22,,1,39,378,384,,28,1,,79,24,31,2,2,,,24,,30,161,129,170,,379,8,4,4,16,19,,2,1,300,,,570,10,7,,,,8,,3,,,209,275,16,1124,2,4,,1,1,24,20,,,40,,1,329,32,,29,4,141,390,4,453,2,1,,,556,201,,1,1,,,2,35,40,48,26,,,,10,,8,,209,1117,,911,1432,24,6,,5,
kovter5.txt,,81,8,,18,,,5,204,2,,,273,10,,10,,2,,2,82,2,,85,,224,,,,247,895,,,,,16,,,6,141,1914,22,,,,,35,,,943,80,,,,,,4,,,,,5,12,,32,,1,,,,,,9,,,,1422,56,6,,,,,7,,,,82,4,,,,,,,,,,,,,5,,16,16,,,9,13,60,388,,4,,2,8,9,4,,,48,486,486,,19,1,,32,12,,,,,,,,2,97,117,204,,225,8,6,1,,,,,,2138,,,294,37,1,,,,1,,,,,208,271,17,1131,2,,,1,1,18,15,,,32,,,313,2,,,33,116,476,4,647,2,1,,,566,206,,,,,,,41,32,36,8,,,,5,,1,,208,1099,,1380,1467,18,20,,,
kovter6.txt,,52,3,,6,,,7,211,,,,148,9,,8,,,,,66,,1,67,3,106,2,1,1,160,622,,3,,,2224,,,5,137,2061,16,,,,1,39,,,970,96,,,1,,,5,,,,,64,16,,35,,,,,1,,,13,,,,1490,68,17,2,55,,,,,,,73,42,2,,,,3,1,,,,,,,37,,16,16,,2,6,36,60,476,,4,,2,20,34,24,,2,35,341,347,,21,2,,85,32,31,2,4,,,24,,30,165,117,144,,348,10,2,3,21,24,,4,1,306,,,564,11,9,,,,17,,3,,,214,270,14,1136,2,4,,,,22,17,,,36,,1,329,38,,29,3,135,337,,375,2,,1,,563,204,,,1,,,2,34,36,49,26,,,,22,,4,,214,1123,,871,1387,22,13,,5,3
kovter7.txt,,467,22,63,88,,,84,196,4,,,1457,34,,47,3,13,,31,71,13,4,58,1,3687,1,,,2400,7762,6,6,,2,78,4,,11,6236,9491,92,,20,,3,82,1,,1025,225,3,,116,,3,30,,,1,,367,78,,79,9,2,,,3,,3,416,,1,21,794,157,132,1038,33,,,1,,,,581,245,6,1,,3,12,3,,,,,14,9,252,4,9,9,,7,32,215,558,2963,,1,,47,299,431,111,,5,73,11221,11235,135,173,1,1,442,240,126,6,139,,1,48,,275,1222,357,4981,3,3375,2,4,52,124,132,202,954,4,2506,7,,2630,2103,58,,,,580,,13,,,199,335,13,1502,3,,,,,43,41,,,81,,3,7117,374,,147,1,257,7374,10,4960,3,6,4,,761,353,,56,,,,2,119,83,200,22,,,14,134,10,3,,199,3489,,21355,4149,26,3715,,28,6
kovter8.txt,,520,42,5,33,2,,14,245,,,,548,103,,114,2,,1,,544,,2,540,3,784,6,,,1231,4827,8,4,,,28,,,6,165,14546,47,,2,,1,49,,,7085,592,1,,330,,1,23,2,,,,197,41,,55,3,,,,1,,1,19,,3,23,7856,103,19,89,96,,,67,2,,,238,154,,,,1,2,1,,2,,,,4,133,,30,30,,88,28,110,36,3386,,4,,296,159,168,111,,87,53,3073,3184,,21,2,,252,387,,26,39,,2,137,,79,1013,190,1418,1,3196,26,2,4979,90,171,,14,86,2336,2,,3823,47,13,2,2,3,44,,485,,,255,331,32,1534,3,,,,,26,26,,,54,,1,802,107,,1760,372,182,2265,,3089,3,6,63,,729,210,,335,1,,,4,52,65,87,16,,,,81,2,2,,254,1313,771,2248,3573,32,228,,30,11
spyeye1.txt,,62,12,3,18,,1,6,207,2,,,361,17,,15,2,,,,120,,3,104,3,196,,,,243,1072,11,4,,1,30,,,6,144,2977,23,,,,2,52,,,1120,99,2,1,1,,2,9,,,,,184,17,,50,6,1,,,2,,2,29,,,,1416,86,9,14,6,1,,,,,,161,184,4,,,2,2,2,,,,,,,98,,3,3,,4,24,59,107,637,,4,,6,52,66,59,4,2,48,592,594,,15,,,162,58,,4,1,,,,,104,351,162,317,,501,8,4,15,48,54,,,2,2998,2,,478,837,17,,,,6,,2,,,210,285,35,1116,2,,,1,1,27,25,,,49,,2,496,243,2,10,2,164,590,8,602,2,1,1,,554,204,,,,,1,6,45,49,55,8,,,,58,,5,,210,1334,,1058,1530,27,104,,9,3
spyeye10.txt,,1298,31,,7,20,,2,236,,,,280,14,,19,,1,,10,87,1,2,94,4,235,,,2,347,1326,,,,,3245,,4,5,155,7942,21,,10,,,54,,,1377,187,,,76,,,96,,,,,36,12,,51,,,,,,,,87,3,,3,1711,100,6,465,375,,174,21,18,,,151,29,,,,,,,,,,,,,40,4,15,15,,,19,371,93,6371,,6,,125,362,2931,5,,,49,3223,3283,4,20,,,53,132,,,45,,,,,331,577,236,4393,,9421,10,2,189,1,1,,684,,311,,,5093,1276,121,,,,121,,,,,238,349,96,1143,3,,,,,30,19,,,49,,,781,3,,46,58,161,535,,765,3,,,,556,206,,72,,,,4,43,49,37,40,,,,43,82,99,,238,1917,,1156,1645,30,30,,,69
spyeye11.txt,,95,4,,17,39,1,1,221,2,,,133,9,,9,,2,,2,80,2,1,84,2,208,,,1,253,935,,,,,4237,,,6,148,4717,18,,4,,,37,,,1014,115,,,50,,,65,,,,,26,12,,35,,1,,,,,,54,1,,3,1434,72,5,227,250,,105,,12,,,97,28,,,,,,,,,,,,,29,,12,12,,,7,56,99,3434,,4,,63,77,1420,5,,,34,992,992,8,15,1,,41,47,,,6,,,,,66,274,174,1721,,5008,8,,34,3,3,,54,,143,,,2350,385,21,,,,173,,,,,225,407,56,1136,2,,,1,1,21,15,,,35,,,529,7,,9,2,134,474,4,580,2,1,,,559,200,,54,,,,2,40,34,39,28,,,,65,31,36,,225,2138,,1396,1510,21,11,,1,48
spyeye2.txt,,1640,72,3,65,4,1,6,241,6,,,732,30,,32,1,4,,16,231,4,2,244,7,773,5,,5,974,3275,2,4,,,34,,,20,176,8103,96,,14,,2,72,,,2247,2182,2,,31,,2,15,,,,,79,45,,63,6,3,,,2,,2,27,,,15,3136,113,29,105,95,,,14,,,,364,1758,4,,,1,10,2,,,,,,5,130,,32,32,,3,49,426,303,1996,,5,,25,73,85,72,,72,73,1501,1503,,17,9,1,225,87,36,4,239,,2,50,,235,401,202,624,,1381,12,10,19,78,79,,6,30,2330,2,,2118,139,99,3,3,,314,,8,,,249,278,35,1248,3,,,3,3,35,42,,,64,,2,469,71,,50,135,174,1443,14,2064,2,3,60,,608,215,,37,,,,4,58,64,117,332,,,,53,6,2,,249,1268,,1888,2407,34,90,,18,7
spyeye3.txt,,56,3,,1,,1,,203,,,,63,5,,5,,,,,64,,1,65,1,79,,,,132,520,,,,,15,,,1,134,1687,2,,,,,29,,,921,83,,,,,,4,,,,,4,12,,26,,,,,,,,7,,,,1425,52,4,,,,,,,,,40,4,,,,,,,,,,,,,4,,13,13,,,4,5,1,388,,4,,,4,4,4,,,25,293,293,,15,,,26,14,,,4,,,,,,97,94,72,,229,10,,3,,,,,,102,,,232,1,,,,,,,,,,204,273,13,1136,1,,,,,11,14,,,26,,,304,3,,,3,108,287,,339,1,,,,563,203,,,,,,2,37,25,36,4,,,,6,,,,204,1109,,931,1334,11,3,,,1
spyeye4.txt,,609,210,3,289,3,,2,222,4,,,570,28,,27,,8,1,9,99,3,,101,,2508,3,,,1979,6238,2,2,,,48,,,7,155,10016,491,,2,,1,64,,,1139,4011,1,,8,,1,45,,,4,,337,29,,58,3,2,,,1,,1,4,,,,1664,92,10,15,39,,,3,,,,174,85,2,,,1,,1,,,,,,3,324,,20,20,,336,15,144,711,837,,10,,18,24,39,56,,104,57,2035,2036,4,58,1,,172,357,,2,644,235,1,4,,3660,212,178,1952,,659,11,6,9,86,57,,18,103,152,1,,3021,92,26,,,,231,,1,,,228,336,15,1161,2,,,2,2,30,35,,,59,,1,480,167,,2,3,153,2800,9,4280,2,6,,,575,204,,2,,,,,45,59,69,10,,,,252,6,4,,228,1281,,3955,3287,30,6749,,6,2
spyeye6.txt,,50,,2,2,,,5,204,2,,,121,7,,7,,,,,71,,,72,,82,,,1,141,617,2,,,,4413,,,1,145,2748,2,,,,,44,,,1164,92,,,3,,,4,,,,,284,12,,39,1,1,,,,,,17,,2,,1427,60,7,,,,,36,,,,50,179,,,,,,,,,,,,,4,,13,13,,,5,19,2,367,,4,,1,9,10,4,,,55,332,332,,13,,,39,12,,,23,,,,,280,97,143,93,,234,8,,5,,,,,,4271,,,262,,20,,,,,,,,,207,245,12,1114,2,,,1,1,23,17,,,39,,,348,467,,3,478,121,328,4,338,2,1,76,,550,216,,7,,,,,48,39,37,1,,,,4,,,,207,2177,,874,1356,23,240,,,
spyeye7.txt,1,1412,170,59,393,46,5,193,1101,10,1,1,3775,204,1,223,7,18,7,49,655,19,22,617,19,3942,11,2,1,4085,14905,22,50,3,1,9679,4,2,18,1584,41175,468,2,30,3,14,156,,4,6903,1400,14,,2189,2,9,232,4,,,,1224,365,,190,37,5,6,,13,,13,414,3,118,79,4996,491,343,2728,1440,,167,21,28,,,1228,3061,12,1,,3,38,13,1,14,,,16,19,1138,20,504,508,,231,104,1992,2471,19982,12,10,,1160,1378,5899,756,,223,165,15055,15492,154,178,5,2,1708,2527,264,184,1036,,5,1051,,1904,4128,992,13447,8,28564,110,24,10410,1400,1009,134,1400,219,5970,26,,21166,4456,805,5,5,4,2054,1,2127,,,1117,1281,324,2383,22,4,10,15,15,64,160,,,188,2,14,6572,1323,,3398,384,780,8500,22,8950,4,26,231,,894,403,,1646,,,1,38,156,228,528,139,,,16,571,214,202,,1117,6234,1469,18006,8245,70,730,,176,209
spyeye8.txt,,144,32,2,24,2,,15,311,2,,,630,61,,66,,1,2,1,158,3,10,169,11,354,2,1,2,433,1985,6,8,,,70,,,13,181,8727,35,,,,3,56,,,2332,263,4,,238,,3,44,1,,,,538,103,,66,10,1,,,3,,4,26,,1,39,2574,116,17,385,187,,,36,,,,275,349,2,,,,6,3,,4,,,,4,200,3,58,58,,76,22,193,319,2418,,4,,240,143,255,180,,75,67,2072,2214,2,157,1,,357,473,,34,107,,1,156,,434,938,232,993,2,2898,38,10,2840,126,232,2,18,75,4435,7,,3095,998,49,1,1,2,51,,333,,,315,314,23,1381,2,,,1,1,31,31,,,61,,3,630,595,,777,428,242,1191,4,1212,3,9,70,,664,277,,81,,,1,20,71,72,129,15,,,,136,8,1,,315,1468,176,2502,2208,38,258,,41,8
spyeye9.txt,,54,1,,5,,,2,206,,,,126,6,,5,,,,,72,,1,71,1,99,1,1,,143,585,2,2,,,25,,,1,135,2009,14,,,,1,38,,,975,89,,,10,,,5,,,,,59,12,,34,,,,,1,,,11,,4,,1438,63,18,2,55,,,14,,,,46,30,2,,,,3,1,,,,,,,32,,13,13,,2,5,26,51,453,,4,,1,16,29,22,,1,34,344,350,,20,1,,74,24,31,2,5,,,24,,30,163,117,137,,326,8,2,3,16,19,,2,1,304,,,544,9,7,,,,12,,3,,,208,249,14,1114,3,4,,,,22,16,,,35,,1,331,35,,29,55,136,343,,332,3,,,,552,209,,18,,,,2,37,35,48,22,,,,11,,4,,208,1075,,862,1345,22,33,,5,16
trojan.txt,,231,46,33,154,10,3,45,320,8,,,1374,61,,53,5,2,1,2,280,5,6,282,10,1230,3,,4,2616,6563,17,30,2,1,1420,,,14,257,21350,247,,8,,9,96,,,1683,792,11,1,39,,10,71,3,,,,3705,136,,103,33,2,,,9,,11,91,,12,,1499,610,39,1905,369,1,75,3,,,,423,1198,10,,,6,17,9,,8,,,27,14,677,,15,15,,26,46,1241,1271,6066,,7,,164,670,1134,424,4,109,113,11385,11427,4,303,2,2,944,963,31,58,2641,,3,213,,4327,3471,725,3472,5,6608,67,20,1454,346,543,,1240,21,5226,15,,6816,1741,401,2,3,,776,,12,,,325,345,667,1602,2,2,,1,1,44,79,1,,106,,9,26250,3999,2,480,3,374,2582,12,4076,2,12,10,5,702,383,2,122,,,,12,109,125,245,21,,,27,306,32,36,,326,3520,216,41103,3878,52,190,,81,57
trojan1.txt,,576,68,10,56,2,2,22,1418,,,,1074,55,,65,4,3,3,3,308,2,4,292,5,1051,3,1,1,4068,15049,17,23,,1,2639,,,21,820,16659,95,,2,,6,76,,,3750,424,7,1,2866,,5,25,2,,,,444,93,,81,14,,,,6,,6,52,,5,30,5087,177,86,647,166,1,20,16,2,,,330,421,10,,,3,12,6,,2,,,4,8,351,1,43,43,,45,51,363,429,6123,,4,,131,177,709,237,4,41,69,8374,8512,1,328,1,,587,507,62,52,125,,1,175,,328,2640,1139,3116,1,10779,34,10,8599,434,314,2,6,39,8499,8,2,3676,1146,74,1,1,4,3961,,141,,,1421,995,396,2022,3,,2,2,2,31,58,,,83,,6,4426,293,2,3665,39,308,8176,4,8165,3,2,3,,770,485,,2697,,,1,8,76,95,148,31,,,4,132,9,17,,1424,3673,5338,7357,10125,38,2065,,49,16
trojan10.txt,,1296,34,,21,,1,2,209,2,,,191,17,,21,,3,,12,97,1,2,101,3,335,1,,,374,1364,,1,,,2212,,,4,137,2409,37,,,,,47,,,1122,89,,,1,,,4,,,,,5,12,,44,,1,,,,,,6,,,,1592,66,5,,,,,7,,,,110,6,,,,,,,,,,,,,5,,13,13,,,20,14,102,471,,4,,2,8,8,5,,,42,595,595,,18,,,46,13,,,3,,,,,,109,139,228,,273,8,,2,1,1,,,,188,,,651,39,,,,,1,,,,,213,331,16,1126,2,,,1,1,26,17,,,43,,,329,3,,,58,128,638,4,1014,2,1,1,,556,206,,,1,,,4,47,42,37,9,,,,15,,,,213,1175,,1317,1613,26,31,,,8
trojan11.txt,1,1909,132,6,11,,1,5,210,2,,,301,24,,26,2,4,1,16,73,3,1,71,3,535,2,1,2,623,2251,5,4,,,2214,,,2,144,26162,121,,3,,4,57,,,1045,10344,2,,8,,2,7,,1,,,450,20,,51,7,1,,,3,,2,16,,3,,1615,80,11,15,111,,,8,,,,54,5467,6,,,2,2,3,,,,,,7,340,,17,17,,1086,30,11131,1040,589,,4,,9,41,63,61,,61,48,479,484,,295,,,183,288,,7,2421,1075,,,,13359,389,147,274,,419,8,6,7,55,63,,,61,1539,2,,2292,46,3877,,,,5,,2,,,213,258,12,1085,1,,,128,128,26,275,,,53,,4,360,95,,10,81,161,806,4,1342,1,1,1,,542,203,,64,,,,2,34,53,59,4,,,,264,,5,,213,1198,,1548,1834,26,7571,,9,2
trojan13.txt,1,1321,34,,9,,1,5,208,,,,329,14,,16,,1,,11,67,1,4,78,4,222,1,1,,362,1672,,2,,,2228,,,11,146,8539,24,,,,3,47,,,981,217,,,5,,,11,,1,,,63,12,,45,,,,,2,,,14,,,,1447,72,10,1195,45,,,7,,,,218,1536,4,,,,3,2,,,,,,6,60,,15,15,,8,21,1398,134,5069,,4,,2,19,33,42,,5,41,395,397,2,363,,,126,27,33,5,93,173,,,,556,639,149,161,,4480,8,4,1,33,39,,,5,356,,,4613,400,541,,,,1,,3,,,211,291,17,1140,2,,,380,380,25,769,,,43,,3,1177,28,,,37,153,478,,796,2,,,,570,235,,28,,,1,7,56,43,83,168,,,,30,3,7,,211,1980,,1196,1604,23,59,,6,3
trojan14.txt,,62,5,2,1,,1,2,206,,,,98,3,,3,,,,,67,,1,69,1,95,,,,154,610,,,,,2217,,,6,144,1831,2,,,,,37,,,980,80,,,18,,,4,,,,,4,12,,35,,,,,,,,12,,18,,1407,58,6,1,,,,12,,,,58,2,,,,,,,,,,,,,4,,13,13,,,4,12,25,338,,4,,1,9,9,4,,,34,327,327,,16,,,35,14,,,,,,,,,102,121,85,,204,10,2,6,,,,,,145,,,254,1,,,,,,,,,,208,274,12,1104,2,,,,,21,13,,,34,,,325,1,,,133,119,316,,363,2,,,,547,204,,55,,,,2,43,34,36,4,,,,6,,,,208,1097,,886,1336,21,70,,,1
trojan15.txt,13,2564,514,49,190,6,6,66,408,42,,1,6505,119,1,103,8,16,6,29,443,16,25,418,18,3995,27,4,,5064,15945,23,36,,1,2602,,,17,1170,33842,614,1,38,21,33,220,,2,4984,2275,14,,648,3,11,626,8,2,,18,2985,241,,189,35,9,2,9,20,,14,33,,2,35,3653,599,277,2035,1619,,6,99,3164,,,2849,1983,42,,9,7,65,20,,,9,9,,48,2014,2,101,101,,46,129,2219,5131,9570,6,8,,266,804,1052,778,,132,216,6070,6713,,18,14,1,1801,1704,605,62,1614,,5,532,,2682,6509,624,4365,2,10722,12,16,164,997,687,86,1419,79,5862,14,,20462,1876,767,13,13,,1386,,58,9,9,467,11669,52,1347,2,12,6,149,149,77,373,,9,202,,33,8211,2059,,484,494,2488,6357,40,10077,2,17,284,,657,183,,815,,,,34,117,203,410,977,22,22,,1320,27,86,,467,16510,,9672,6901,70,2265,,135,55
trojan16.txt,,122,24,1,20,4,1,15,292,2,,,486,25,,21,,2,,2,91,,5,93,5,278,1,,1,294,1240,2,11,,,39,,,8,157,4716,26,,1,,4,51,,,1807,122,4,,10,,4,18,2,,,,505,84,,58,15,1,,,4,,4,14,,,,1445,112,17,32,3,,,30,,,,151,176,2,,,1,8,4,,6,,,,,221,,19,19,,14,18,190,128,812,,4,,14,76,109,200,,7,45,650,654,,13,1,1,397,522,,36,117,,1,133,,272,405,188,430,3,542,47,12,651,144,274,,34,7,262,7,,894,141,38,,,,53,,4,,,297,314,17,1194,2,,,1,1,28,36,,,58,,4,438,290,,232,1495,210,689,4,942,2,7,,,567,215,,24,,,,10,50,67,137,10,,,,108,2,2,,297,1208,113,2879,1695,32,1185,,43,1
trojan17.txt,,50,1,,1,,,1,202,,,,94,2,,2,,,,,64,2,,67,1,73,,,1,126,483,,,,,14,,,2,137,1665,1,,,,,31,,,927,80,,,,,,4,,,,,4,12,,27,,,,,,,,11,,,,1421,48,6,,,,,,,,,79,9,,,,,,,,,,,,,4,,14,14,,,4,12,,335,,4,,,7,7,4,,,27,298,298,,14,,,27,12,,,3,,,,,,96,103,73,,199,8,2,3,,,,,,281,,,228,,,,,,4,,,,,202,241,14,1105,,,,,,14,13,,,27,,,308,6,,,3,109,280,,286,,,1,,548,202,,,,,,,43,27,36,2,,,,17,,1,,202,1047,,831,1291,14,3,,,
trojan18.txt,,83,4,,14,,1,4,205,2,,,74,6,,6,,2,,2,84,4,,108,3,192,1,,2,244,901,,1,,,46,,,8,138,2087,16,,,,,36,,,943,77,,,,,,4,,,,,4,12,,32,,1,,,,,,13,,,,1424,61,4,,,,,7,,,,82,8,,,,,,,,,,,,,4,,14,14,,,5,13,60,342,,4,,2,9,9,4,,,32,459,459,,13,,,32,12,,,,,,,,,99,151,172,,204,8,2,2,,,,,,280,,,293,39,,,1,,2,,,,,207,331,13,1206,1,,,1,1,18,15,,,32,,,321,1,,,22,116,433,4,551,1,1,,,599,208,,,1,,,,72,32,36,6,,,,33,,,,207,1212,,1249,1539,18,13,,,2
trojan2.txt,,1665,46,,47,22,,10,1142,2,,,1685,29,,28,,2,,11,383,1,8,414,14,951,,,6,1056,3694,,12,,6,2779,18,,36,1085,14425,171,,10,,6,101,,,5744,800,12,6,19,,6,22,12,,,,319,25,,91,11,1,,,6,,6,102,,,15,6688,954,171,,6,12,86,140,236,,4,572,1148,12,,,,12,6,,,,,28,,490,,34,34,,12,34,525,526,2329,,4,,26,103,137,263,,6,83,4253,4374,,338,,,1431,496,,12,379,,,45,,494,1133,775,1721,,1640,25,2,41,732,761,,56,6,1374,6,6,2779,502,139,,1,,20481,,102,,,3636,846,216,2035,32880,14,7,8,8,28,111,,,95,,6,8639,2114,18,24,275,231,6197,46,2273,4360,8,1,,837,558,3279,61,,6,6,22,63,95,205,112,,,28,166,18,38,,3637,10943,,10618,3866,28,12305,,276,85
trojan3.txt,,86,1,3,28,,1,11,210,2,,,469,15,,13,2,2,,2,141,2,2,123,3,269,,,1,275,1202,7,4,,1,2234,,,5,158,16067,29,,,,2,67,,,1115,119,2,1,110,,2,9,,,,,3759,18,,60,6,1,,,2,,2,30,,4,,1452,86,11,461,6,1,,3,,,,165,700,4,,,2,2,2,,,,,,,96,,8,8,,4,20,62,171,3623,,4,,8,54,552,59,4,2,90,845,847,,158,,,172,60,,4,3492,,,,,3680,1342,227,869,,5352,12,6,17,48,54,,,2,4897,2,,1048,772,50,2,2,,3,,2,,,211,274,32,1387,2,,,1,1,35,28,1,,60,,2,602,4173,2,12,1,173,722,8,656,2,1,11,,692,272,2,119,,,1,4,75,60,56,7,,,,45,,6,,211,1501,,1652,1818,35,109,,9,2
trojan4.txt,,84,8,,17,,,,205,2,,,162,8,,8,,2,,2,85,2,,86,1,219,,,2,241,883,2,,,,2204,,,3,138,1875,21,,,,,40,,,928,78,,,,,,4,,,,,4,12,,36,1,1,,,,,,13,,,,1438,51,6,,,,,,,,,91,4,,,,,,,,,,,,,4,,14,14,,,9,28,60,343,,4,,1,7,7,4,,,36,492,492,,15,,,36,12,,,48,,,,,,97,118,199,,202,8,4,,,,,,,955,,,299,37,,,,,,,,,,207,271,17,1128,1,,,1,1,22,15,,,36,,,315,1,,,,118,478,4,535,1,1,,,559,200,,,,,,,35,36,37,9,,,,4,,,,207,1100,,1261,1465,22,1,,,
trojan5.txt,,54,2,,6,,,4,206,2,,,165,8,,7,,,,,66,,1,66,3,106,2,1,1,158,611,,3,,,2270,,,3,133,1995,16,,,,1,38,,,943,89,,,1,,,5,,,,,59,12,,34,,1,,,1,,,10,,,,1438,59,19,2,55,,,,,,,75,30,2,,,,3,1,,,,,,,32,,13,13,,2,6,27,47,457,,4,,3,20,33,22,,1,34,337,343,,19,2,,74,24,31,2,9,,,24,,30,163,116,153,,329,8,2,2,16,19,,2,1,119,,,536,10,7,,,,23,,3,,,209,278,14,1132,1,4,,1,1,21,18,,,35,,1,322,35,,29,2,136,340,4,369,1,1,1,,560,205,,,1,,,2,36,35,48,23,,,,21,,6,,209,1105,,866,1371,21,8,,5,
trojan6.txt,2,1345,98,71,564,70,2,104,331,8,1,1,2343,62,,73,8,40,1,69,626,40,8,583,5,7568,2,,1,5241,16911,16,12,,2,12963,4,14,13,6451,29890,617,,59,2,7,137,1,,2445,668,5,,350,,6,280,1,,1,,590,120,,130,23,3,,,5,,5,529,22,1,29,1689,348,163,2635,555,,797,2,38,,,888,451,10,1,,5,22,5,2,,,,42,15,536,18,14,14,,15,74,896,2480,17627,,21,,513,1000,6136,212,,11,126,23746,23884,158,176,1,1,737,725,159,14,401,,1,124,,986,2573,763,16488,3,24480,21,6,359,1013,254,206,1814,10,2595,9,,19055,4571,254,3,3,,1487,,28,,,366,1370,241,1600,2,8,19,24,24,58,109,1,,130,,7,8652,771,,318,3,465,12740,14,10772,2,8,5,,790,292,2,251,,,1,10,137,131,317,156,,,42,298,307,299,,366,4804,,29543,7444,43,3735,,54,193
trojan7.txt,,51,,4,1,,,2,204,,,,116,7,,7,,,,,71,,,72,1,78,,,2,138,607,2,,,,2227,,,3,140,1922,1,,,,,44,,,1081,79,,,3,,,4,,,,,4,12,,39,1,,,,,,,23,,2,,1429,54,6,,,,,18,,,,55,7,,,,,,,,,,,,,4,,14,14,,,4,29,2,367,,4,,,8,8,4,,,39,330,330,,12,,,39,12,,,58,,,,,,96,138,81,,234,8,2,3,,,,,,2275,,,262,,,,,,,,,,,206,241,12,1115,2,,,,,24,15,,,39,,,331,3,,3,308,121,308,,332,2,,78,,547,203,,7,,,,,50,39,37,1,,,,4,,,,206,1071,,845,1356,24,156,,,
trojan8.txt,,61,9,,8,,,2,209,,,,240,12,,12,,,,,77,2,2,80,3,139,1,1,1,195,785,1,2,,,2215,,,5,135,2216,21,,,,1,43,,,1045,96,,,1,,,5,,,,,59,12,,40,,,,,1,,,23,,,,1535,69,18,2,55,,,,,,,118,30,2,,,,3,1,,,,,,,32,,14,14,,2,9,26,51,499,,4,,1,16,29,22,,1,39,396,402,,11,1,,80,24,31,2,6,,,24,,30,160,130,165,,353,8,,3,16,19,,2,1,316,,,570,9,7,,,,12,,3,,,211,247,18,1117,2,4,,,,23,20,,,40,,1,336,35,,29,3,138,410,,545,2,,,,555,197,,,,,,4,39,40,48,30,,,,23,,2,,211,1079,,869,1419,23,7,,5,2
trojan9.txt,,381,66,32,184,12,3,90,346,10,,,1586,68,,59,5,1,1,1,278,3,7,261,10,1413,4,,3,2815,7256,17,33,2,1,2405,,,13,279,26072,278,,9,,10,95,,,3173,1011,12,1,186,,11,59,4,,,,4566,162,,113,35,2,,,10,,12,38,,20,7,1797,641,42,2190,1130,1,,58,2,1,4,404,1615,10,,,7,19,10,,10,,,72,15,814,,25,25,,30,52,1369,1361,8520,,8,,174,678,1315,494,4,161,123,11416,11525,4,335,3,3,1093,1280,31,80,3029,,4,329,,5157,3932,747,3799,8,10147,86,44,1689,394,645,,556,23,13691,17,,8185,2247,437,,,,722,,15,,,351,383,725,1632,2,,,1,1,46,89,,,116,,10,27846,4903,2,652,2099,525,3049,12,4578,2,36,10,8,711,377,,270,,,,14,74,143,287,16,,,72,343,37,29,,351,3911,779,41547,4172,56,2179,,93,6
wc.txt,,400,64,34,193,13,3,92,346,8,,,1525,64,,55,5,3,1,3,290,5,7,293,11,1495,4,,4,2891,7506,15,33,2,1,1605,,14,11,291,24316,288,,13,,10,92,,,2962,1037,12,1,87,,11,59,4,,,,3998,162,,105,35,1,,,10,,12,100,8,17,8,1727,664,43,1704,1130,1,45,58,2,1,4,525,1626,10,,,7,19,10,,10,,,72,15,817,,33,33,,30,51,1423,1374,5881,,9,,175,721,926,494,4,162,110,12479,12592,4,307,3,3,1086,1281,31,80,2964,,4,329,,4659,3941,786,3656,8,5971,84,44,1706,475,644,,1080,23,5262,17,,8035,1934,446,2,3,,850,,15,,,351,390,770,1625,3,,2,2,2,41,88,1,,108,,10,29242,4340,2,651,1786,518,3173,8,4706,3,35,9,8,709,378,2,181,,,,14,98,133,285,18,,,72,364,39,40,,352,4169,764,42283,4234,50,1732,,94,66
wc1.txt,,63,8,,7,,,5,205,,,,253,12,,11,,,,,81,,1,101,1,136,1,1,,218,863,1,2,,,2433,,,6,141,2559,20,,,,1,39,,,1048,102,,,1,,,5,,,,,61,12,,34,,,,,1,,,25,,,,1528,69,18,2,67,,22,13,,,,185,35,2,,,,3,1,,,,,,,35,,15,15,,2,9,38,54,620,,4,,1,19,72,23,,1,34,401,407,,17,1,,74,25,31,2,3,,,24,,37,160,164,203,,543,8,2,5,16,19,,2,1,318,,,586,25,10,,1,,13,,3,,,209,246,18,1194,2,4,,,,20,18,,,35,,1,351,32,,31,33,134,401,,702,2,,,,589,205,,2,,,,2,71,35,48,26,,,,59,,5,,209,1158,,859,1524,20,20,,5,4
wc10.txt,,49,9,,4,,,1,204,,,,238,7,,7,,,,,66,,,66,,109,,,,295,1273,,,,,2208,,,6,140,62900,8,,,,,39,,,937,91,,,1,,,4,,,,,4,12,,36,,,,,,,,7,,,,1470,55,4,,,,,,,,,91,28561,,,,,,,,,,,,,4,,15,15,,,8,55216,,333,,4,,,5,5,4,,8,36,324,324,,15,,,36,12,,,6784,,,,,27574,415,133,101,,198,8,4,,,,,,7,2491,,,234,10,957,,,,4,,,,,208,245,19,1086,2,,,326,326,23,656,,,36,,,457,4,,,,120,315,,798,2,,,,543,201,,,,,,,52,36,36,7,,,,4,,,,208,1713,,968,1442,23,5,,,
wc11.txt,,1352,31,3,6,,2,4,211,,,,150,14,,21,,1,1,11,64,1,3,66,3,196,2,,,257,1048,1,2,,,2239,,,5,140,2810,18,,1,,1,48,,,948,88,1,,,,1,5,,,,,155,12,,43,3,,,,1,,1,4,,,,1415,68,8,,38,,,,,,,50,482,2,,,1,,1,,,,,,3,28,,14,14,,2,16,437,80,375,,4,,3,19,24,18,,1,39,377,378,,18,,,77,22,,2,100,,,,,83,216,130,141,,237,8,,5,13,16,,,1,301,1,,463,18,5,,,,11,,2,,,213,310,12,1114,3,,,32,32,23,83,,,41,,1,354,111,,,3,134,420,,583,3,,,,552,204,,,,,,4,39,42,40,3,,,,10,,2,,213,1165,,867,1481,23,6,,4,
wc12.txt,,1337,63,2,13,2,1,6,233,4,,,362,15,,19,,2,,13,207,4,1,228,1,433,4,,,628,2185,,,,,42,,,8,162,4799,40,,6,,,54,,,2107,249,,,25,,,11,,,,,26,26,,47,,2,,,,,,18,,,15,2763,88,7,78,,,,14,,,,234,40,,,,,6,,,,,,,,36,,29,29,,,34,89,125,1626,,5,,13,25,25,21,,,63,1012,1012,,18,,,87,35,31,,4,,1,48,,35,269,203,241,,1023,12,4,10,21,20,,,,2282,,,1698,5,11,3,4,,70,,6,,,241,255,26,1272,2,,,2,2,26,26,,,47,,,452,66,,36,80,129,971,8,1521,2,2,119,,619,202,,22,,,,2,85,46,44,327,,,,52,,1,,241,1255,,1009,2052,26,48,,4,8
wc13.txt,,51,8,,4,,,5,202,,,,159,6,,6,,,,,66,,,67,,108,,,,167,628,,,,,16,,,3,142,2843,8,,,,,38,,,920,92,,,,,,4,,,,,443,12,,35,,,,,,,,2,,,,1425,51,7,,,,,,,,,84,271,,,,,,,,,,,,,4,,15,15,,,8,4,,333,,4,,,8,9,4,,,51,331,331,,19,,,35,14,,,31,,,,,441,100,127,100,,200,10,4,1,,,,,,2096,,,231,,20,,,,,,,,,205,249,18,1097,1,,,,,21,14,,,35,,,337,721,,,1,121,331,,576,1,,5,,544,209,,,,,,,44,35,36,8,,,,4,,1,,205,1057,,866,1341,21,1,,,
wc14.txt,,1180,22,,2,,,,200,,,,62,6,,10,,1,,10,63,1,,64,,150,,,,203,719,,,,,246,,,3,131,1661,12,,,,,32,,,909,79,,,,,,4,,,,,4,11,,27,,,,,,,,1,,,,1393,45,6,,,,,,,,,29,4,,,,,,,,,,,,,4,,13,13,,,14,5,41,330,,4,,,6,6,4,,,27,323,323,,27,,,27,12,,,4,,,,,,98,88,82,,196,8,2,3,,,,,,95,,,405,,,,,,,,,,,200,240,11,1067,,,,,,15,12,,,27,,,290,3,,,3,111,356,,431,,,,,523,204,,,,,,,27,27,35,,,,,4,,4,,200,1136,,945,1335,15,,,,
wc15.txt,,51,,3,15,,,2,206,,,,264,16,,14,2,,,,75,,2,72,2,155,,,,205,860,5,4,,1,257,,,6,141,2597,15,,,,2,50,,,1095,90,2,1,2,,2,9,,,,,157,18,,47,6,,,,2,,2,17,,,,1424,85,6,14,6,1,,,,,,74,32,4,,,2,2,2,,,,,,,95,,14,14,,4,19,50,106,605,,4,,5,49,62,58,4,2,43,452,454,,15,,,157,57,,4,1,,,,,72,334,155,280,,492,8,2,16,47,53,,,2,319,2,,496,613,11,,,,2,,2,,,207,244,19,1107,1,,,,,25,24,,,47,,2,421,65,2,10,3,159,399,4,482,1,,,,554,199,,,,,1,4,52,47,56,,,,,43,,4,,207,1335,,1085,1434,25,41,,9,2
wc2.txt,,61,11,,3,,1,,205,,,,159,10,,10,,,,,66,,1,69,2,110,,,1,177,700,,,,,2212,,,5,139,1791,8,,,,,35,,,944,85,,,,,,4,,,,,4,12,,32,,,,,,,,12,,,,1435,54,7,,,,,7,,,,93,4,,,,,,,,,,,,,4,,13,13,,,8,12,1,361,,4,,,7,20,4,,,31,335,335,,18,,,32,14,,,3,,,,,,106,110,116,,242,10,,3,,,,,,129,,,239,1,,,,,1,,,,,209,278,17,1103,2,,,,,16,15,,,32,,,328,3,,1,46,116,348,,616,2,,,,544,202,,,,,,2,39,31,36,9,,,,11,,1,,209,1099,,893,1371,16,26,,,1
wc3.txt,,1250,22,,15,,,3,205,,,,72,6,,11,,3,,12,80,3,1,84,2,260,,,1,284,997,,,,,2208,,,2,142,3038,25,,,,,37,,,929,92,,,,,,4,,,,,387,12,,32,,,,,,,,9,,,,1422,45,5,,,,,,,,,36,271,,,,,,,,,,,,,4,,14,14,,,14,28,101,343,,4,,,4,5,4,,,47,480,480,,15,,,32,12,,,83,,,,,383,97,107,171,,203,8,2,3,,,,,,4086,,,473,37,20,,,,,,,,,206,271,12,1093,1,,,,,15,16,,,31,,,325,661,,,3,114,526,,605,1,,346,,539,202,,,,,,2,31,31,36,3,,,,6,,,,206,1073,,1270,1450,15,1,,,2
wc4.txt,,1201,33,,6,,1,2,208,,,,154,9,,13,,1,,10,66,,,66,,194,,,,259,925,,,,,2215,,,4,136,1733,21,,,,,39,,,914,76,,,,,,4,,,,,4,12,,35,,,,,,,,4,,,,1441,51,6,,,,,,,,,80,2,,,,,,,,,,,,,4,,15,15,,,18,12,40,336,,4,,,8,8,4,,,35,360,360,,22,,,35,12,,,,,,,,,96,116,109,,200,8,4,,,,,,,97,,,409,1,,,,,1,,,,,211,273,18,1119,1,,,,,21,14,,,35,,,314,1,,,,117,405,,769,1,,,,555,205,,,,,,,40,35,36,6,,,,4,,2,,211,1108,,874,1459,21,3,,,
wc5.txt,,175,34,,23,,,6,224,,,,365,13,,13,,3,,4,180,3,1,181,1,389,,,,447,1539,,,,,2370,,,9,144,3840,40,,,,,54,,,1893,164,,,23,,,4,,,,,4,13,,51,,,,,,,,11,,,15,2542,69,6,78,,,30,6,,,,182,18,,,,,,,,,,,,,4,,30,30,,,20,66,100,1203,,4,,1,10,13,4,,,50,915,918,,18,,,51,14,,,4,,,,,,147,152,238,,728,10,4,3,,,,,,99,,,1392,37,,,,,99,,,,,229,270,24,1142,1,2,,1,1,29,21,,,50,,,369,6,,,67,135,861,,1198,1,,,,557,207,,22,,,,2,38,50,36,33,,,,32,,10,,229,1407,,1405,1696,29,36,,,9
wc6.txt,1,544,110,9,324,3,1,39,231,6,,,1103,36,,31,2,11,1,33,91,11,7,109,8,5207,5,1,2,3379,10646,7,10,,1,2423,,,6,5585,14556,429,,2,,7,79,1,,1141,295,4,1,56,,5,57,,1,5,,1851,47,,68,12,3,1,,6,,4,139,,2,16,1067,157,42,1111,109,1,10,6,,,,427,670,12,,,4,16,6,,,,,14,11,312,4,28,28,,111,38,288,755,3056,,8,,37,157,279,172,4,107,85,10957,10965,4,259,2,1,477,252,161,13,437,,2,206,,1723,1668,291,5495,1,3315,5,16,30,196,181,82,490,106,6582,4,,3846,1283,110,2,3,,424,,17,,,235,393,29,1375,2,,,17,17,27,85,1,,71,1,7,6530,2128,2,142,,245,8385,17,6875,2,7,8,,698,352,2,62,,,,11,84,71,110,11,,,14,161,14,14,,235,1790,,24090,4949,27,3742,,28,12
wc7.txt,,54,1,,5,,,2,206,,,,116,6,,5,,,,,66,,1,66,1,98,1,1,,138,542,,2,,,2218,,,1,132,1953,14,,,,1,35,,,947,91,,,1,,,5,,,,,59,12,,31,,,,,1,,,11,,,,1439,58,18,2,55,,,,,,,43,30,2,,,,3,1,,,,,,,32,,14,14,,2,5,28,47,459,,4,,1,16,29,22,,1,31,330,336,,19,1,,71,26,31,2,3,,,24,,30,161,107,134,,332,10,2,,16,19,,2,1,316,,,540,9,9,,,,12,,3,,,207,245,14,1104,2,4,,,,19,16,,,32,,1,322,35,,29,,133,330,,314,2,,,,542,205,,,,,,2,35,32,48,25,,,,12,,5,,207,1063,,857,1319,19,6,,5,7
wc8.txt,,84,8,,17,,,2,203,2,,,160,10,,10,,2,,2,82,2,,83,,218,,,,238,879,,,,,2216,,,5,139,1872,21,,,,,41,,,933,85,,,,,,4,,,,,4,12,,37,,1,,,,,,5,,,,1434,54,7,,,,,,,,,77,6,,,,,,,,,,,,,4,,15,15,,,9,13,60,349,,4,,1,10,10,4,,,37,494,494,,28,,,37,14,,,3,,,,,,98,118,201,,208,10,6,1,,,,,,96,,,296,37,,,,,1,,,,,207,267,17,1132,1,,,2,2,24,15,,,37,,,317,3,,,2,119,467,4,753,1,1,,,557,207,,,,,,,36,37,36,12,,,,14,,4,,207,1095,,1278,1465,23,3,,,
wc9.txt,2,105,20,9,27,,1,11,233,6,,,664,37,,30,2,,2,,89,1,4,82,4,302,5,2,,376,2102,6,10,,,2300,,,6,153,33479,34,,5,,9,83,,,1246,6222,4,,9,,4,11,,2,,,549,22,,72,13,3,,,7,,4,15,,3,2,1966,126,25,27,271,,,9,,,,134,12463,14,3,,3,7,7,,,,,,18,229,,19,19,,18,30,25125,343,802,,4,,14,69,116,137,,94,79,669,678,3,26,,,368,116,38,16,1612,,,,,16525,1103,213,512,,612,10,8,10,123,143,,4,94,2703,4,,1009,125,4008,,,,15,,9,,,244,282,16,1162,2,,,608,608,33,1247,,,78,,9,575,310,,16,82,226,668,13,1048,2,3,184,,573,205,,86,,,,7,42,78,89,13,,,,70,12,6,,244,1497,,1353,1700,33,61,,25,
zeus1.txt,,91,8,,16,,,4,206,,,,173,12,,12,,2,,2,95,2,,117,,228,,,,280,1029,,,,,40,,,7,145,2284,20,,,,,42,,,1044,92,,,,,1,4,,,,,4,12,,38,,,,,,,,15,,,,1582,62,6,1,,,,,,,,151,4,,,,,,,,,,,,,4,,16,16,,,8,15,63,387,,4,,,10,10,4,,,38,531,531,,13,,,38,14,,,2,,,,,,102,168,190,,231,10,2,4,,,,,,299,,,329,37,,,1,,,,,,,208,279,17,1104,,,,,,23,15,,,38,,,329,1,,,4,124,500,,807,,,,,548,201,,,,,,,76,38,36,12,,,,51,,,,208,1104,,1270,1483,23,,,,2
zeus2.txt,,51,8,,4,,,,204,,,,153,8,,8,,,,,66,,,66,,107,,,,162,622,,,,,21,,,4,133,1655,8,,,,,37,,,922,85,,,,,,4,,,,,4,12,,33,,,,,,,,2,,,,1454,46,6,,,,,,,,,76,4,,,,,,,,,,,,,4,,14,14,,,8,4,,338,,4,,,6,6,4,,,33,328,328,,15,,,33,14,,,3,,,,,,96,107,102,,203,10,2,,,,,,,98,,,231,,,,,,,,,,,206,245,18,1108,1,,,,,19,14,,,33,,,310,3,,,,115,320,,564,1,,,,551,207,,,,,,,36,33,36,8,,,,7,,1,,206,1065,,866,1349,19,,,,9
zeus3.txt,2,1372,40,6,92,4,,8,220,,,,1391,44,,46,3,1,1,11,94,,3,83,3,742,4,2,,783,2788,7,11,,1,510,,,6,166,27199,108,,3,1,8,74,,,2443,4633,6,1,122,,5,716,,1,,,1041,57,,64,15,,,,6,,6,13,,,2,1726,208,28,15650,209,1,20,58,,,,810,3742,12,,,3,23,6,,,,,,13,823,,19,19,,14,47,6711,2761,9398,,4,,36,215,1087,201,4,10,68,1701,1765,2,14,2,,450,7392,160,219,4055,,,207,,2835,7457,191,2067,,9575,78,8,64,173,246,,2,10,430,6,,13571,1229,2518,1,1,,3239,,33,,,223,250,20,1141,2,2,3,11,11,31,97,,,69,,8,576,419,2,241,276,4455,1130,5,1637,2,,1,,577,197,,882,,,,5,44,69,136,561,,,,597,17,23,,223,1378,,88073,2109,31,1246,,60,3
